Team,Player,Pos
ATL,Nickeil Alexander-Walker,SG
ATL,Onyeka Okongwu,C
ATL,Dyson Daniels,SG
ATL,Mouhamed Gueye,PF
ATL,Jalen Johnson,SF
ATL,Vit Krejci,PG
ATL,Luke Kennard,SG
ATL,Zaccharie Risacher,SF
ATL,Keaton Wallace,PG
ATL,Asa Newell,PF
ATL,Kristaps Porzingis,C
ATL,Caleb Houstan,SF
ATL,CJ McCollum,PG
ATL,Corey Kispert,SF
ATL,N'Faly Dante,C
ATL,RayJ Dennis,PG
ATL,Nikola Djurisic,SF
ATL,Christian Koloko,C
BOS,Anfernee Simons,SG
BOS,Derrick White,SG
BOS,Payton Pritchard,PG
BOS,Sam Hauser,PF
BOS,Neemias Queta,C
BOS,Jaylen Brown,SF
BOS,Jordan Walsh,PF
BOS,Hugo Gonzalez,SF
BOS,Baylor Scheierman,SG
BOS,Luka Garza,C
BOS,Josh Minott,PF
BOS,Xavier Tillman Sr.,C
BOS,Chris Boucher,PF
BOS,Amari Williams,PF
BOS,Ron Harper Jr.,SF
BOS,Max Shulga,SG
BOS,Jayson Tatum,PF
BRK,Noah Clowney,PF
BRK,Nic Claxton,C
BRK,Day'Ron Sharpe,C
BRK,Terance Mann,SG
BRK,Egor Dmin,PG
BRK,Michael Porter Jr.,SF
BRK,Tyrese Martin,SG
BRK,Ziaire Williams,SF
BRK,Drake Powell,SG
BRK,Jalen Wilson,PF
BRK,Danny Wolf,PF
BRK,Nolan Traore,PG
BRK,Cam Thomas,SG
BRK,Ben Saraf,SG
BRK,E.J. Liddell,PF
BRK,Tyson Etienne,PG
BRK,Haywood Highsmith,SF
BRK,Chaney Johnson,SF
CHO,Sion James,SG
CHO,Miles Bridges,PF
CHO,Kon Knueppel,SF
CHO,Moussa Diabate,C
CHO,Collin Sexton,SG
CHO,LaMelo Ball,PG
CHO,Ryan Kalkbrenner,C
CHO,Tre Mann,PG
CHO,Tidjane Salaun,PF
CHO,Liam McNeeley,SF
CHO,Brandon Miller,SF
CHO,Pat Connaughton,SG
CHO,Josh Green,SG
CHO,KJ Simpson,PG
CHO,Mason Plumlee,C
CHO,PJ Hall,C
CHO,Antonio Reeves,SG
CHO,Grant Williams,PF
CHI,Matas Buzelis,PF
CHI,Nikola Vucevic,C
CHI,Patrick Williams,PF
CHI,Kevin Huerter,SF
CHI,Ayo Dosunmu,SG
CHI,Tre Jones,PG
CHI,Jalen Smith,C
CHI,Isaac Okoro,SG
CHI,Josh Giddey,PG
CHI,Julian Phillips,SF
CHI,Dalen Terry,SG
CHI,Coby White,SG
CHI,Jevon Carter,PG
CHI,Zach Collins,C
CHI,Lachlan Olbrich,C
CHI,Emanuel Miller,PF
CHI,Noa Essengue,PF
CHI,Yuki Kawamura,PG
CLE,Donovan Mitchell,SG
CLE,De'Andre Hunter,SF
CLE,Jaylon Tyson,SG
CLE,Craig Porter Jr.,PG
CLE,Evan Mobley,PF
CLE,Dean Wade,PF
CLE,Nae'Qwan Tomlin,PF
CLE,Jarrett Allen,C
CLE,Thomas Bryant,C
CLE,Lonzo Ball,PG
CLE,Tyrese Proctor,PG
CLE,Darius Garland,PG
CLE,Sam Merrill,SG
CLE,Larry Nance Jr.,PF
CLE,Luke Travers,SG
CLE,Chris Livingston,SF
CLE,Chuma Okeke,F
CLE,Max Strus,SF
DAL,Naji Marshall,SF
DAL,Cooper Flagg,SF
DAL,Klay Thompson,SF
DAL,Max Christie,SG
DAL,Brandon Williams,PG
DAL,Caleb Martin,SF
DAL,P.J. Washington,PF
DAL,Ryan Nembhard,PG
DAL,Jaden Hardy,SG
DAL,Dwight Powell,C
DAL,Daniel Gafford,C
DAL,D'Angelo Russell,PG
DAL,Moussa Cisse,C
DAL,Anthony Davis,PF
DAL,Miles Kelly,PG
DAL,Dereck Lively II,C
DAL,Jeremiah Robinson-Earl,PF
DAL,Dante Exum,PG
DAL,Kyrie Irving,SG
DEN,Bruce Brown,SG
DEN,Tim Hardaway Jr.,SG
DEN,Peyton Watson,SF
DEN,Jamal Murray,PG
DEN,Spencer Jones,SF
DEN,Jonas Valanciunas,C
DEN,Nikola Jokic,C
DEN,Zeke Nnaji,PF
DEN,Jalen Pickett,SG
DEN,Cameron Johnson,SF
DEN,Julian Strawther,SG
DEN,Aaron Gordon,PF
DEN,Hunter Tyson,PF
DEN,Christian Braun,SG
DEN,DaRon Holmes,PF
DEN,Curtis Jones,SG
DEN,Tamar Bates,SG
DET,Javonte Green,SG
DET,Duncan Robinson,SF
DET,Ron Holland,SF
DET,Ausar Thompson,SF
DET,Isaiah Stewart,C
DET,Cade Cunningham,PG
DET,Jalen Duren,C
DET,Daniss Jenkins,PG
DET,Caris LeVert,SG
DET,Paul Reed,C
DET,Tobias Harris,PF
DET,Jaden Ivey,SG
DET,Chaz Lanier,SG
DET,Marcus Sasser,PG
DET,Bobi Klintman,SF
DET,Tolu Smith,PF
DET,Wendell Moore Jr.,SG
DET,Isaac Jones,PF
GSW,Brandin Podziemski,SG
GSW,Quinten Post,PF
GSW,Moses Moody,SG
GSW,Gary Payton II,SG
GSW,Will Richard,SG
GSW,Jimmy Butler,SF
GSW,Buddy Hield,SG
GSW,Draymond Green,PF
GSW,Stephen Curry,PG
GSW,Gui Santos,PF
GSW,Trayce Jackson-Davis,C
GSW,Pat Spencer,PG
GSW,Al Horford,C
GSW,Jonathan Kuminga,PF
GSW,De'Anthony Melton,PG
GSW,Seth Curry,SG
GSW,LJ Cryer,PG
GSW,Malevy Leons,SF
HOU,Amen Thompson,PG
HOU,Reed Sheppard,SG
HOU,Josh Okogie,SG
HOU,Jabari Smith Jr.,PF
HOU,Kevin Durant,SF
HOU,Clint Capela,C
HOU,Alperen Sengun,C
HOU,Steven Adams,C
HOU,Aaron Holiday,PG
HOU,Jae'Sean Tate,SF
HOU,Tari Eason,PF
HOU,JD Davison,PG
HOU,Jeff Green,PF
HOU,Dorian Finney-Smith,PF
HOU,Isaiah Crawford,SF
HOU,Fred VanVleet,PG
HOU,Tristen Newton,SG
IND,Jarace Walker,PF
IND,Jay Huff,C
IND,Pascal Siakam,PF
IND,Andrew Nembhard,PG
IND,Ben Sheppard,SG
IND,T.J. McConnell,PG
IND,Isaiah Jackson,C
IND,Johnny Furphy,SG
IND,Bennedict Mathurin,SF
IND,Aaron Nesmith,SF
IND,Taelon Peter,SG
IND,Quenton Jackson,PG
IND,Ethan Thompson,SG
IND,Micah Potter,C
IND,Kam Jones,SG
IND,Obi Toppin,PF
IND,Tyrese Haliburton,PG
LAC,Kris Dunn,PG
LAC,Nicolas Batum,PF
LAC,James Harden,PG
LAC,John Collins,PF
LAC,Ivica Zubac,C
LAC,Brook Lopez,C
LAC,Kobe Sanders,SG
LAC,Kawhi Leonard,SF
LAC,Cam Christie,SG
LAC,Kobe Brown,PF
LAC,Yanic Konan Niederhauser,C
LAC,Jordan Miller,SF
LAC,Derrick Jones Jr.,SF
LAC,Bogdan Bogdanovic,SG
LAC,Chris Paul,PG
LAC,Bradley Beal,SG
LAC,TyTy Washington Jr.,PG
LAC,Patrick Baldwin Jr.,SF
LAL,Jake LaRavia,PF
LAL,Deandre Ayton,C
LAL,Dalton Knecht,SF
LAL,Luka Doncic,PG
LAL,Jaxson Hayes,C
LAL,Marcus Smart,SG
LAL,Jarred Vanderbilt,PF
LAL,Rui Hachimura,PF
LAL,LeBron James,SF
LAL,Bronny James,SG
LAL,Austin Reaves,SG
LAL,Nick Smith Jr.,SG
LAL,Gabe Vincent,PG
LAL,Maxi Kleber,PF
LAL,Adou Thiero,SF
LAL,Drew Timme,PF
LAL,Kobe Bufkin,SG
LAL,Chris Manon,SG
MEM,Santi Aldama,PF
MEM,Jaylen Wells,SG
MEM,Cam Spencer,SG
MEM,Kentavious Caldwell-Pope,SG
MEM,Jaren Jackson Jr.,C
MEM,Jock Landale,C
MEM,Cedric Coward,SG
MEM,Vince Williams Jr.,PG
MEM,John Konchar,SG
MEM,GG Jackson II,PF
MEM,Olivier-Maxence Prosper,PF
MEM,Ja Morant,PG
MEM,Javon Small,PG
MEM,Zach Edey,C
MEM,Jahmai Mashack,SG
MEM,Brandon Clarke,PF
MEM,Ty Jerome,SG
MEM,Scotty Pippen Jr.,PG
MIA,Kel'el Ware,C
MIA,Dru Smith,SG
MIA,Simone Fontecchio,SF
MIA,Andrew Wiggins,SF
MIA,Davion Mitchell,PG
MIA,Jaime Jaquez Jr.,SF
MIA,Norman Powell,SG
MIA,Bam Adebayo,C
MIA,Pelle Larsson,SG
MIA,Nikola Jovic,PF
MIA,Kasparas Jakucionis,PG
MIA,Keshad Johnson,SF
MIA,Myron Gardner,SF
MIA,Tyler Herro,SG
MIA,Jahmir Young,PG
MIA,Vladislav Goldin,C
MIA,Terry Rozier,PG
MIL,Ryan Rollins,PG
MIL,Bobby Portis,PF
MIL,Myles Turner,C
MIL,Kyle Kuzma,PF
MIL,A.J. Green,SG
MIL,Gary Trent Jr.,SG
MIL,Gary Harris,SG
MIL,Jericho Sims,C
MIL,Cole Anthony,PG
MIL,Giannis Antetokounmpo,PF
MIL,Amir Coffey,SG
MIL,Kevin Porter Jr.,PG
MIL,Andre Jackson Jr.,SG
MIL,Thanasis Antetokounmpo,SF
MIL,Pete Nance,PF
MIL,Taurean Prince,SF
MIL,Alex Antetokounmpo,SF
MIN,Julius Randle,PF
MIN,Naz Reid,C
MIN,Donte DiVincenzo,SG
MIN,Jaden McDaniels,PF
MIN,Rudy Gobert,C
MIN,Jaylen Clark,SG
MIN,Mike Conley,PG
MIN,Anthony Edwards,SG
MIN,Bones Hyland,PG
MIN,Rob Dillingham,PG
MIN,Terrence Shannon Jr.,SG
MIN,Joan Beringer,PF
MIN,Leonard Miller,SF
MIN,Johnny Juzang,SG
MIN,Joe Ingles,SF
MIN,Rocco Zikarsky,C
MIN,Enrique Freeman,PF
NOP,Jeremiah Fears,PG
NOP,Derik Queen,C
NOP,Trey Murphy III,SF
NOP,Saddiq Bey,SF
NOP,Yves Missi,C
NOP,Micah Peavy,SG
NOP,Jose Alvarado,PG
NOP,Jordan Hawkins,SG
NOP,Karlo Matkovic,PF
NOP,Zion Williamson,PF
NOP,Bryce McGowens,SG
NOP,Jordan Poole,PG
NOP,Herbert Jones,SF
NOP,Kevon Looney,C
NOP,Trey Alexander,SG
NOP,DeAndre Jordan,C
NOP,Hunter Dickinson,C
NOP,Dejounte Murray,PG
NYK,Mikal Bridges,SF
NYK,Jordan Clarkson,SG
NYK,Karl-Anthony Towns,C
NYK,Jalen Brunson,PG
NYK,Tyler Kolek,PG
NYK,Guerschon Yabusele,C
NYK,Mohamed Diawara,SF
NYK,OG Anunoby,PF
NYK,Miles McBride,SG
NYK,Josh Hart,SF
NYK,Mitchell Robinson,C
NYK,Ariel Hukporti,C
NYK,Landry Shamet,SG
NYK,Pacome Dadiet,SG
NYK,Kevin McCullar Jr.,SF
NYK,Trey Jemison,C
NYK,P.J. Tucker,F
OKC,Shai Gilgeous-Alexander,PG
OKC,Ajay Mitchell,SG
OKC,Cason Wallace,SG
OKC,Chet Holmgren,PF
OKC,Isaiah Joe,SG
OKC,Luguentz Dort,SF
OKC,Alex Caruso,SG
OKC,Aaron Wiggins,SG
OKC,Jaylin Williams,PF
OKC,Branden Carlson,C
OKC,Chris Youngblood,SG
OKC,Jalen Williams,SG
OKC,Isaiah Hartenstein,C
OKC,Kenrich Williams,PF
OKC,Brooks Barnhizer,SG
OKC,Ousmane Dieng,C
OKC,Thomas Sorber,C
OKC,Nikola Topic,PG
ORL,Desmond Bane,SG
ORL,Anthony Black,PG
ORL,Tyus Jones,PG
ORL,Wendell Carter Jr.,C
ORL,Goga Bitadze,C
ORL,Tristan Da Silva,SF
ORL,Jonathan Isaac,PF
ORL,Paolo Banchero,PF
ORL,Jase Richardson,SG
ORL,Noah Penda,SF
ORL,Jett Howard,SF
ORL,Franz Wagner,SF
ORL,Jalen Suggs,PG
ORL,Jamal Cain,SF
ORL,Orlando Robinson,C
ORL,Moritz Wagner,C
ORL,Colin Castleton,C
PHI,Tyrese Maxey,PG
PHI,Quentin Grimes,SG
PHI,Jabari Walker,PF
PHI,VJ Edgecombe,SG
PHI,Andre Drummond,C
PHI,Justin Edwards,SF
PHI,Adem Bona,C
PHI,Dominick Barlow,PF
PHI,Jared McCain,SG
PHI,Joel Embiid,C
PHI,Paul George,PF
PHI,Trendon Watford,PF
PHI,Kelly Oubre Jr.,SF
PHI,Johni Broome,C
PHI,Eric Gordon,SG
PHI,Kyle Lowry,PG
PHI,MarJon Beauchamp,SF
PHO,Collin Gillespie,PG
PHO,Royce O'Neale,SF
PHO,Oso Ighodaro,PF
PHO,Jordan Goodwin,PG
PHO,Devin Booker,SG
PHO,Mark Williams,C
PHO,Dillon Brooks,SF
PHO,Ryan Dunn,SF
PHO,Nick Richards,C
PHO,Grayson Allen,SG
PHO,Rasheer Fleming,PF
PHO,Isaiah Livers,PF
PHO,Nigel Hayes-Davis,SF
PHO,Jamaree Bouyea,PG
PHO,Khaman Maluach,C
PHO,Jalen Green,SG
PHO,Koby Brea,SG
POR,Toumani Camara,PF
POR,Deni Avdija,SF
POR,Shaedon Sharpe,SG
POR,Donovan Clingan,C
POR,Sidy Cissoko,SF
POR,Rayan Rupert,SG
POR,Caleb Love,SG
POR,Kris Murray,SF
POR,Duop Reath,C
POR,Robert Williams,C
POR,Jerami Grant,PF
POR,Yang Hansen,C
POR,Jrue Holiday,PG
POR,Javonte Cooke,SG
POR,Blake Wesley,SG
POR,Matisse Thybulle,SG
POR,Damian Lillard,PG
POR,Scoot Henderson,PG
SAC,DeMar DeRozan,PF
SAC,Russell Westbrook,SF
SAC,Nique Clifford,SG
SAC,Keon Ellis,SG
SAC,Precious Achiuwa,C
SAC,Malik Monk,SG
SAC,Maxime Raynaud,C
SAC,Dennis Schroder,PG
SAC,Zach LaVine,SG
SAC,Drew Eubanks,C
SAC,Keegan Murray,PF
SAC,Dylan Cardwell,C
SAC,Domantas Sabonis,C
SAC,Devin Carter,PG
SAC,Doug McDermott,SF
SAC,Dario Saric,C
SAC,Daeqwon Plowden,SG
SAC,Isaiah Stevens,PG
SAS,Keldon Johnson,SF
SAS,Julian Champagnie,SF
SAS,Harrison Barnes,PF
SAS,Luke Kornet,C
SAS,De'Aaron Fox,PG
SAS,Stephon Castle,PG
SAS,Dylan Harper,SG
SAS,Carter Bryant,PF
SAS,Devin Vassell,SG
SAS,Victor Wembanyama,C
SAS,Kelly Olynyk,C
SAS,Jeremy Sochan,PF
SAS,Lindy Waters III,SG
SAS,Jordan McLaughlin,PG
SAS,David Jones Garcia,SF
SAS,Bismack Biyombo,C
SAS,Harrison Ingram,SF
SAS,Stanley Umude,SG
TOR,Jamal Shead,PG
TOR,Gradey Dick,SG
TOR,Scottie Barnes,PF
TOR,Brandon Ingram,SF
TOR,Sandro Mamukelashvili,C
TOR,Immanuel Quickley,PG
TOR,Collin Murray-Boyles,PF
TOR,Ja'Kobe Walter,SG
TOR,Ochai Agbaji,SG
TOR,Jamison Battle,SF
TOR,RJ Barrett,SF
TOR,Jakob Poeltl,C
TOR,Jonathan Mogbo,PF
TOR,Garrett Temple,SG
TOR,A.J. Lawson,SG
TOR,Alijah Martin,SG
TOR,Chucky Hepburn,PG
UTA,Keyonte George,PG
UTA,Kyle Filipowski,C
UTA,Brice Sensabaugh,SF
UTA,Walter Clayton,PG
UTA,Ace Bailey,SF
UTA,Svi Mykhailiuk,SF
UTA,Isaiah Collier,PG
UTA,Jusuf Nurkic,C
UTA,Lauri Markkanen,PF
UTA,Cody Williams,SG
UTA,Taylor Hendricks,PF
UTA,Kevin Love,PF
UTA,Kyle Anderson,SF
UTA,Elijah Harkless,SG
UTA,Walker Kessler,C
UTA,Oscar Tshiebwe,C
UTA,Georges Niang,PF
UTA,John Tonje,SG
WAS,Bub Carrington,PG
WAS,Justin Champagnie,SF
WAS,Marvin Bagley III,PF
WAS,Tre Johnson,SG
WAS,Will Riley,SF
WAS,Alex Sarr,C
WAS,Kyshawn George,SF
WAS,Tristan Vukcevic,C
WAS,Khris Middleton,SF
WAS,Bilal Coulibaly,SG
WAS,Malaki Branham,SG
WAS,AJ Johnson,SG
WAS,Cam Whitmore,SF
WAS,Anthony Gill,PF
WAS,Jamir Watkins,SG
WAS,Sharife Cooper,PG
WAS,Trae Young,PG
